{"data": {"samples_train": 10, "samples_test": 10, "samples_val": 10, "samples_overall": 30, "name": "../dataset/small_dataset/"}, "embedding": {"vocabulary_size": 48, "embedding_dimension": 50}, "hiperparameter": {"model_summary": "_________________________________________________________________\nLayer (type)                 Output Shape              Param #   \n=================================================================\nembedding_1 (Embedding)      (None, 200, 50)           2450      \n_________________________________________________________________\ndense_1 (Dense)              (None, 200, 128)          6528      \n_________________________________________________________________\nflatten_1 (Flatten)          (None, 25600)             0         \n_________________________________________________________________\ndense_2 (Dense)              (None, 2)                 51202     \n=================================================================\nTotal params: 60,180\nTrainable params: 60,180\nNon-trainable params: 0\n_________________________________________________________________\n", "epoch": 10, "train_batch_size": 1000, "test_batch_size": 1000, "sequence_length": 200}, "test_result": {"test_time": 0.0019192695617675781, "report": "              precision    recall  f1-score   support\n\n    phishing       0.00      0.00      0.00         5\n  legitimate       0.44      0.80      0.57         5\n\n   micro avg       0.40      0.40      0.40        10\n   macro avg       0.22      0.40      0.29        10\nweighted avg       0.22      0.40      0.29        10\n", "test_acc": 0.4000000059604645, "test_loss": 0.7139080762863159, "test_confusion_matrix": [[0, 5], [1, 4]]}, "epoch_history": {"val_loss": [0.696222186088562, 0.7123309969902039, 0.7339564561843872, 0.7542863488197327, 0.7655233144760132, 0.7659528851509094, 0.7580565214157104, 0.7452221512794495, 0.7315298318862915, 0.7206541895866394], "val_acc": [0.5, 0.5, 0.5, 0.5, 0.5, 0.5, 0.5, 0.5, 0.5, 0.5], "loss": [0.6961396932601929, 0.6320222020149231, 0.5777214169502258, 0.5302798748016357, 0.48688530921936035, 0.44398847222328186, 0.40036314725875854, 0.35781434178352356, 0.3161810040473938, 0.2777865529060364], "acc": [0.5, 0.699999988079071, 0.699999988079071, 0.699999988079071, 0.699999988079071, 0.699999988079071, 0.75, 1.0, 1.0, 1.0], "epoch_time": [0.2720959186553955, 0.004419088363647461, 0.005071878433227539, 0.0062122344970703125, 0.0050830841064453125, 0.010785102844238281, 0.008070230484008789, 0.004641056060791016, 0.004982948303222656, 0.009734869003295898]}, "date": "2019-06-14", "date_time": "21-30-38", "test_case": null, "params": {"loss_function": "binary_crossentropy", "optimizer": "adam", "sequence_length": 200, "batch_train": 1000, "batch_test": 1000, "categories": ["phishing", "legitimate"], "char_index": {"-n-": 1, "/": 2, "t": 3, "e": 4, "o": 5, "a": 6, "c": 7, "s": 8, "r": 9, "p": 10, "i": 11, "h": 12, "n": 13, "g": 14, ".": 15, "d": 16, "w": 17, "l": 18, "m": 19, "2": 20, "b": 21, "f": 22, "0": 23, "1": 24, "u": 25, "-": 26, "4": 27, "7": 28, "5": 29, "k": 30, "x": 31, "v": 32, "9": 33, ":": 34, "y": 35, "8": 36, "6": 37, "3": 38, "q": 39, "z": 40, "j": 41, "=": 42, "_": 43, "&": 44, "%": 45, "?": 46, "!": 47, "@": 48}, "epoch": 10, "embedding_dimension": 50, "architecture": "ann_base", "result_dir": "../result/", "dataset_dir": "../dataset/small_dataset/", "char_embeddings": "../test_results/complex_cnn/cnn_complex_1/char_embeddings.json", "test_case": null}}